{"WeightsHidden":[[0.880981251548007,0.6331835699566842,0.8860897533759893,0.9379755078648534],[0.7092434859616066,0.5366537056533282,0.4981795054211376,0.014180803580363142],[0.4619045820986304,0.9955880246319847,0.438946253168899,0.4055160464696316],[-0.5489379065360663,-1.3698162475340563,1.249581453853855,2.0583900256460295],[0.7129717544380082,0.794432449209652,0.012957702310393877,0.9054276953018472]],"BiasesHidden":[0.6193006083397156,0.5363220690465105,0.5435786322073448,-1.0196450795886034,0.8552585223300619],"WeightsOutput":[[0.6803541254931915,0.2899594670372991,0.6141256766191548,-9.980462744345413,0.4675021120900406],[0.010107316752465838,-0.11879204002496024,-0.1735410642267688,-0.1780499391385069,-0.36838254385230934],[-1.4097060110860329,-1.5734810769079972,-1.221119374573025,9.914587532708472,-1.3207196682786115]],"BiasesOutput":[-0.23546401817032883,0.22076289154030876,-1.6002408406543942]}