{
    "WeightsHidden": [
        [
            0.9889027348768412,
            0.8744696317264289,
            0.976317139375478,
            0.04154257479007573
        ],
        [
            0.8880581796670887,
            0.8098027695549358,
            0.6100338006103478,
            0.8819950293026106
        ],
        [
            -2.442211531857078,
            -2.211442985590666,
            3.5758102892081896,
            3.7070457709624667
        ],
        [
            -0.5057012811054377,
            -1.4864432265315017,
            1.898455338735906,
            1.8903803921806037
        ],
        [
            0.3960093744842907,
            0.779455549953129,
            0.7196432597687188,
            0.6149115145203926
        ]
    ],
    "BiasesHidden": [
        0.8288109434381605,
        0.480484247706817,
        -2.139914101284411,
        0.3720214306395368,
        0.8082084682156221
    ],
    "WeightsOutput": [
        [
            0.6317414543474417,
            1.0109069247671518,
            -0.33935439884011154,
            -7.023344983538446,
            0.8224282029441505
        ],
        [
            -0.7323115791816068,
            -0.3814815858463944,
            -5.045416074615012,
            4.985638378255527,
            -0.4989371645356387
        ],
        [
            -2.3844342535314134,
            -2.423973011310392,
            4.901054238084517,
            5.79507517511574,
            -1.791474187133799
        ]
    ],
    "BiasesOutput": [
        0.888853863889222,
        -0.8339080294558492,
        -1.6658285386429532
    ]
}